{
  "_fv": 33,
  "_type": "armor",
  "definition": {
    "enableHelmet": false,
    "textureHelmet": "",
    "enableBody": false,
    "textureBody": "",
    "enableLeggings": true,
    "textureLeggings": "bomubomupants",
    "enableBoots": false,
    "textureBoots": "",
    "onLeggingsTick": {
      "name": "BomuBomuLeggingsTickEvent"
    },
    "creativeTab": {
      "value": "CUSTOM:DevilFruits"
    },
    "armorTextureFile": "bbpants",
    "helmetName": "Bomu Bomu Helmet",
    "bodyName": "Bomu Bomu Body",
    "leggingsName": "Bomu Bomu Pants",
    "bootsName": "Bomu Bomu Boots",
    "helmetSpecialInfo": [],
    "bodySpecialInfo": [],
    "leggingsSpecialInfo": [
      "Protects you from explosions!"
    ],
    "bootsSpecialInfo": [],
    "helmetModelName": "Default",
    "helmetModelPart": "Helmet",
    "helmetModelTexture": "From armor",
    "bodyModelName": "Default",
    "bodyModelPart": "Body",
    "armsModelPartL": "Arms L",
    "armsModelPartR": "Arms R",
    "bodyModelTexture": "From armor",
    "leggingsModelName": "Default",
    "leggingsModelPartL": "Leggings L",
    "leggingsModelPartR": "Leggings R",
    "leggingsModelTexture": "From armor",
    "bootsModelName": "Default",
    "bootsModelPartL": "Boots L",
    "bootsModelPartR": "Boots R",
    "bootsModelTexture": "From armor",
    "helmetImmuneToFire": false,
    "bodyImmuneToFire": false,
    "leggingsImmuneToFire": false,
    "bootsImmuneToFire": false,
    "maxDamage": 1024,
    "damageValueHelmet": 0,
    "damageValueBody": 0,
    "damageValueLeggings": 5,
    "damageValueBoots": 0,
    "enchantability": 25,
    "toughness": 1.0,
    "knockbackResistance": 0.4,
    "equipSound": {
      "value": ""
    },
    "repairItems": []
  }
}