{
  "_fv": 33,
  "_type": "item",
  "definition": {
    "renderType": 0,
    "texture": "gorogorosword",
    "customModelName": "Tool",
    "name": "Goro Goro Sword",
    "rarity": "UNCOMMON",
    "creativeTab": {
      "value": "CUSTOM:DevilFruits"
    },
    "stackSize": 1,
    "enchantability": 0,
    "useDuration": 0,
    "toolType": 1.0,
    "damageCount": 0,
    "recipeRemainder": {
      "value": ""
    },
    "destroyAnyBlock": false,
    "immuneToFire": true,
    "stayInGridWhenCrafting": false,
    "damageOnCrafting": false,
    "enableMeleeDamage": true,
    "damageVsEntity": 9.0,
    "specialInfo": [
      "Shock your enemies!"
    ],
    "hasGlow": true,
    "guiBoundTo": "<NONE>",
    "inventorySize": 9,
    "inventoryStackSize": 64,
    "onEntityHitWith": {
      "name": "GoroGoroSwordLivingEntityIsHitWithItem"
    },
    "isFood": false,
    "nutritionalValue": 4,
    "saturation": 0.3,
    "eatResultItem": {
      "value": ""
    },
    "isMeat": false,
    "isAlwaysEdible": false,
    "animation": "none"
  }
}