{
  "_fv": 33,
  "_type": "armor",
  "definition": {
    "enableHelmet": false,
    "textureHelmet": "",
    "enableBody": false,
    "textureBody": "",
    "enableLeggings": false,
    "textureLeggings": "",
    "enableBoots": true,
    "textureBoots": "hhboots_boots",
    "onBootsTick": {
      "name": "HieHieBootsBootsTickEvent"
    },
    "creativeTab": {
      "value": "CUSTOM:DevilFruits"
    },
    "armorTextureFile": "hhboots",
    "helmetName": "Hie Hie Boots Helmet",
    "bodyName": "Hie Hie Boots Body",
    "leggingsName": "Hie Hie Boots Leggings",
    "bootsName": "Hie Hie Boots",
    "helmetSpecialInfo": [],
    "bodySpecialInfo": [],
    "leggingsSpecialInfo": [],
    "bootsSpecialInfo": [
      "Never sink into any liquid again!"
    ],
    "helmetModelName": "Default",
    "helmetModelPart": "Helmet",
    "helmetModelTexture": "From armor",
    "bodyModelName": "Default",
    "bodyModelPart": "Body",
    "armsModelPartL": "Arms L",
    "armsModelPartR": "Arms R",
    "bodyModelTexture": "From armor",
    "leggingsModelName": "Default",
    "leggingsModelPartL": "Leggings L",
    "leggingsModelPartR": "Leggings R",
    "leggingsModelTexture": "From armor",
    "bootsModelName": "Default",
    "bootsModelPartL": "Boots L",
    "bootsModelPartR": "Boots R",
    "bootsModelTexture": "From armor",
    "helmetImmuneToFire": false,
    "bodyImmuneToFire": false,
    "leggingsImmuneToFire": false,
    "bootsImmuneToFire": false,
    "maxDamage": 1024,
    "damageValueHelmet": 0,
    "damageValueBody": 0,
    "damageValueLeggings": 0,
    "damageValueBoots": 3,
    "enchantability": 15,
    "toughness": 1.0,
    "knockbackResistance": 1.2000000000000002,
    "equipSound": {
      "value": ""
    },
    "repairItems": []
  }
}