{
  "_fv": 33,
  "_type": "potioneffect",
  "definition": {
    "effectName": "Babyfied",
    "icon": "babyfied.png",
    "color": {
      "value": -65284,
      "falpha": 0.0
    },
    "isInstant": false,
    "isBad": true,
    "isBenefitical": false,
    "renderStatusInInventory": true,
    "renderStatusInHUD": true,
    "onStarted": {
      "name": "BabyfiedEffectStartedapplied"
    },
    "onActiveTick": {
      "name": "BabyfiedOnEffectActiveTic"
    },
    "onExpired": {
      "name": "BabyfiedOnEffectActiveTick"
    }
  }
}