{
  "_fv": 33,
  "_type": "armor",
  "definition": {
    "enableHelmet": false,
    "textureHelmet": "",
    "enableBody": true,
    "textureBody": "baribarichestplate",
    "enableLeggings": false,
    "textureLeggings": "",
    "enableBoots": false,
    "textureBoots": "",
    "onBodyTick": {
      "name": "BariBariChestplateBodyTickEvent"
    },
    "creativeTab": {
      "value": "CUSTOM:DevilFruits"
    },
    "armorTextureFile": "baribarichestplate",
    "helmetName": "Bari Bari Chestplate Helmet",
    "bodyName": "Bari Bari Chestplate",
    "leggingsName": "Bari Bari Chestplate Leggings",
    "bootsName": "Bari Bari Chestplate Boots",
    "helmetSpecialInfo": [],
    "bodySpecialInfo": [
      "Makes you indestructible!"
    ],
    "leggingsSpecialInfo": [],
    "bootsSpecialInfo": [],
    "helmetModelName": "Default",
    "helmetModelPart": "Helmet",
    "helmetModelTexture": "From armor",
    "bodyModelName": "Default",
    "bodyModelPart": "Body",
    "armsModelPartL": "Arms L",
    "armsModelPartR": "Arms R",
    "bodyModelTexture": "From armor",
    "leggingsModelName": "Default",
    "leggingsModelPartL": "Leggings L",
    "leggingsModelPartR": "Leggings R",
    "leggingsModelTexture": "From armor",
    "bootsModelName": "Default",
    "bootsModelPartL": "Boots L",
    "bootsModelPartR": "Boots R",
    "bootsModelTexture": "From armor",
    "helmetImmuneToFire": false,
    "bodyImmuneToFire": true,
    "leggingsImmuneToFire": false,
    "bootsImmuneToFire": false,
    "maxDamage": 1024,
    "damageValueHelmet": 0,
    "damageValueBody": 20,
    "damageValueLeggings": 0,
    "damageValueBoots": 0,
    "enchantability": 25,
    "toughness": 4.0,
    "knockbackResistance": 5.0,
    "equipSound": {
      "value": ""
    },
    "repairItems": []
  }
}