{
  "_fv": 33,
  "_type": "armor",
  "definition": {
    "enableHelmet": true,
    "textureHelmet": "betabetahelmet",
    "enableBody": false,
    "textureBody": "",
    "enableLeggings": true,
    "textureLeggings": "betabetapants",
    "enableBoots": false,
    "textureBoots": "",
    "onHelmetTick": {
      "name": "BetaBetaHelmetTickEvent"
    },
    "onLeggingsTick": {
      "name": "BetaBetaLeggingsTickEvent"
    },
    "creativeTab": {
      "value": "CUSTOM:DevilFruits"
    },
    "armorTextureFile": "betabeta",
    "helmetName": "Beta Beta Helmet",
    "bodyName": "Beta Beta Body",
    "leggingsName": "Beta Beta Pants",
    "bootsName": "Beta Beta Boots",
    "helmetSpecialInfo": [
      "Allows you to stick to the ceiling!"
    ],
    "bodySpecialInfo": [],
    "leggingsSpecialInfo": [
      "Allows you to climb walls!"
    ],
    "bootsSpecialInfo": [],
    "helmetModelName": "Default",
    "helmetModelPart": "Helmet",
    "helmetModelTexture": "From armor",
    "bodyModelName": "Default",
    "bodyModelPart": "Body",
    "armsModelPartL": "Arms L",
    "armsModelPartR": "Arms R",
    "bodyModelTexture": "From armor",
    "leggingsModelName": "Default",
    "leggingsModelPartL": "Leggings L",
    "leggingsModelPartR": "Leggings R",
    "leggingsModelTexture": "From armor",
    "bootsModelName": "Default",
    "bootsModelPartL": "Boots L",
    "bootsModelPartR": "Boots R",
    "bootsModelTexture": "From armor",
    "helmetImmuneToFire": false,
    "bodyImmuneToFire": false,
    "leggingsImmuneToFire": false,
    "bootsImmuneToFire": false,
    "maxDamage": 1024,
    "damageValueHelmet": 3,
    "damageValueBody": 6,
    "damageValueLeggings": 6,
    "damageValueBoots": 2,
    "enchantability": 25,
    "toughness": 2.4,
    "knockbackResistance": 0.5,
    "equipSound": {
      "value": "entity.slime.jump"
    },
    "repairItems": []
  }
}