{
  "_fv": 33,
  "_type": "rangeditem",
  "definition": {
    "renderType": 0,
    "texture": "bukibukipistol",
    "customModelName": "Normal",
    "name": "Buki Buki Pistol",
    "specialInfo": [
      "Shoot anyone from a distance!"
    ],
    "creativeTab": {
      "value": "CUSTOM:DevilFruits"
    },
    "stackSize": 1,
    "ammoItem": {
      "value": ""
    },
    "shootConstantly": false,
    "usageCount": 10000,
    "actionSound": {
      "value": "entity.enderdragon_fireball.explode"
    },
    "hasGlow": false,
    "animation": "bow",
    "enableMeleeDamage": false,
    "damageVsEntity": 0.0,
    "bulletPower": 5.0,
    "bulletDamage": 0.5,
    "bulletKnockback": 1,
    "bulletParticles": false,
    "bulletIgnitesFire": false,
    "bulletItemTexture": {
      "value": "CUSTOM:BukiBukiBullet"
    },
    "bulletModel": "Default",
    "customBulletModelTexture": "",
    "onBulletFlyingTick": {
      "name": "BukiBukiPistolWhileProjectileFlyingTick"
    }
  }
}