{
  "_fv": 33,
  "_type": "tool",
  "definition": {
    "renderType": 0,
    "texture": "dorudorupickaxe",
    "customModelName": "Normal",
    "name": "Doru Doru Pickaxe",
    "specialInfo": [
      "Mine faster than ever!"
    ],
    "creativeTab": {
      "value": "CUSTOM:DevilFruits"
    },
    "toolType": "Pickaxe",
    "harvestLevel": 1,
    "efficiency": 24.0,
    "attackSpeed": 1.6,
    "enchantability": 2,
    "damageVsEntity": 6.0,
    "usageCount": 0,
    "blocksAffected": [],
    "hasGlow": false,
    "repairItems": [],
    "immuneToFire": true,
    "stayInGridWhenCrafting": false,
    "damageOnCrafting": false
  }
}