{
  "_fv": 33,
  "_type": "potioneffect",
  "definition": {
    "effectName": "Falcon",
    "icon": "falcon.png",
    "color": {
      "value": -13290187,
      "falpha": 0.0
    },
    "isInstant": false,
    "isBad": false,
    "isBenefitical": false,
    "renderStatusInInventory": true,
    "renderStatusInHUD": true,
    "onStarted": {
      "name": "FalconEffectEffectStartedapplied"
    },
    "onActiveTick": {
      "name": "FalconEffectOnEffectActiveTick"
    },
    "onExpired": {
      "name": "FalconEffectEffectExpires"
    }
  }
}