{
  "_fv": 33,
  "_type": "potioneffect",
  "definition": {
    "effectName": "Leopard",
    "icon": "leopard.png",
    "color": {
      "value": -4221933,
      "falpha": 0.0
    },
    "isInstant": false,
    "isBad": false,
    "isBenefitical": false,
    "renderStatusInInventory": true,
    "renderStatusInHUD": true,
    "onStarted": {
      "name": "LeopardEffectStartedapplied"
    },
    "onActiveTick": {
      "name": "LeopardOnEffectActiveTick"
    },
    "onExpired": {
      "name": "LeopardEffectExpires"
    }
  }
}