{
  "_fv": 33,
  "_type": "rangeditem",
  "definition": {
    "renderType": 0,
    "texture": "meramerafireball",
    "customModelName": "Normal",
    "name": "Mera Mera Fireball",
    "specialInfo": [
      "Set anything on fire from a distance!"
    ],
    "creativeTab": {
      "value": "CUSTOM:DevilFruits"
    },
    "stackSize": 1,
    "ammoItem": {
      "value": ""
    },
    "shootConstantly": false,
    "usageCount": 10000,
    "actionSound": {
      "value": "item.firecharge.use"
    },
    "hasGlow": true,
    "animation": "bow",
    "enableMeleeDamage": false,
    "damageVsEntity": 0.0,
    "bulletPower": 1.0,
    "bulletDamage": 2.0,
    "bulletKnockback": 2,
    "bulletParticles": true,
    "bulletIgnitesFire": true,
    "bulletItemTexture": {
      "value": "CUSTOM:MeraMeraFireball"
    },
    "bulletModel": "Default",
    "customBulletModelTexture": ""
  }
}