{
  "_fv": 33,
  "_type": "armor",
  "definition": {
    "enableHelmet": false,
    "textureHelmet": "",
    "enableBody": true,
    "textureBody": "netsunetsu_body",
    "enableLeggings": false,
    "textureLeggings": "",
    "enableBoots": false,
    "textureBoots": "",
    "onBodyTick": {
      "name": "NetsuNetsuBodyTickEvent"
    },
    "creativeTab": {
      "value": "CUSTOM:DevilFruits"
    },
    "armorTextureFile": "netsunetsu",
    "helmetName": "Netsu Netsu Helmet",
    "bodyName": "Netsu Netsu Chestplate",
    "leggingsName": "Netsu Netsu Leggings",
    "bootsName": "Netsu Netsu Boots",
    "helmetSpecialInfo": [],
    "bodySpecialInfo": [
      "Cook anything by holding it!"
    ],
    "leggingsSpecialInfo": [],
    "bootsSpecialInfo": [],
    "helmetModelName": "Default",
    "helmetModelPart": "Helmet",
    "helmetModelTexture": "From armor",
    "bodyModelName": "Default",
    "bodyModelPart": "Body",
    "armsModelPartL": "Arms L",
    "armsModelPartR": "Arms R",
    "bodyModelTexture": "From armor",
    "leggingsModelName": "Default",
    "leggingsModelPartL": "Leggings L",
    "leggingsModelPartR": "Leggings R",
    "leggingsModelTexture": "From armor",
    "bootsModelName": "Default",
    "bootsModelPartL": "Boots L",
    "bootsModelPartR": "Boots R",
    "bootsModelTexture": "From armor",
    "helmetImmuneToFire": false,
    "bodyImmuneToFire": true,
    "leggingsImmuneToFire": false,
    "bootsImmuneToFire": false,
    "maxDamage": 1024,
    "damageValueHelmet": 2,
    "damageValueBody": 8,
    "damageValueLeggings": 5,
    "damageValueBoots": 2,
    "enchantability": 25,
    "toughness": 1.8,
    "knockbackResistance": 0.2,
    "equipSound": {
      "value": "block.fire.extinguish"
    },
    "repairItems": []
  }
}