{
  "_fv": 33,
  "_type": "rangeditem",
  "definition": {
    "renderType": 0,
    "texture": "nikyunikyupaw",
    "customModelName": "Normal",
    "name": "Nikyu Nikyu Paw",
    "specialInfo": [
      "Repels anyone so far you'll never see them again!"
    ],
    "creativeTab": {
      "value": "CUSTOM:DevilFruits"
    },
    "stackSize": 1,
    "ammoItem": {
      "value": ""
    },
    "shootConstantly": false,
    "usageCount": 10000,
    "actionSound": {
      "value": "entity.firework.launch"
    },
    "hasGlow": false,
    "animation": "bow",
    "enableMeleeDamage": false,
    "damageVsEntity": 0.0,
    "bulletPower": 5.0,
    "bulletDamage": 0.0,
    "bulletKnockback": 128,
    "bulletParticles": false,
    "bulletIgnitesFire": false,
    "bulletItemTexture": {
      "value": "CUSTOM:NikyuNikyuPaw"
    },
    "bulletModel": "Default",
    "customBulletModelTexture": ""
  }
}