{
  "_fv": 33,
  "_type": "tool",
  "definition": {
    "renderType": 0,
    "texture": "opeopeknife",
    "customModelName": "Normal",
    "name": "Ope Ope Knife",
    "specialInfo": [
      "Extract anyone's heart!"
    ],
    "creativeTab": {
      "value": "CUSTOM:DevilFruits"
    },
    "toolType": "Sword",
    "harvestLevel": 1,
    "efficiency": 4.0,
    "attackSpeed": 1.5,
    "enchantability": 25,
    "damageVsEntity": 6.0,
    "usageCount": 0,
    "blocksAffected": [],
    "hasGlow": false,
    "repairItems": [],
    "immuneToFire": false,
    "stayInGridWhenCrafting": false,
    "damageOnCrafting": false,
    "onEntityHitWith": {
      "name": "OpeOpeKnifeLivingEntityIsHitWithTool"
    }
  }
}