{
  "_fv": 33,
  "_type": "rangeditem",
  "definition": {
    "renderType": 0,
    "texture": "sogesogekabuto",
    "customModelName": "Normal",
    "name": "Soge Soge Kabuto",
    "specialInfo": [
      "Wield the legendary warrior from Sniper Island's signature weapon!"
    ],
    "creativeTab": {
      "value": "CUSTOM:DevilFruits"
    },
    "stackSize": 1,
    "ammoItem": {
      "value": ""
    },
    "shootConstantly": false,
    "usageCount": 10000,
    "actionSound": {
      "value": "entity.arrow.shoot"
    },
    "hasGlow": false,
    "animation": "bow",
    "enableMeleeDamage": false,
    "damageVsEntity": 0.0,
    "bulletPower": 1.0,
    "bulletDamage": 0.5,
    "bulletKnockback": 5,
    "bulletParticles": true,
    "bulletIgnitesFire": false,
    "bulletItemTexture": {
      "value": "CUSTOM:SogeSogeBullet"
    },
    "bulletModel": "Default",
    "customBulletModelTexture": "",
    "onBulletHitsBlock": {
      "name": "SogeSogeKabutoProjectileHitsLivingEntity"
    },
    "onBulletHitsEntity": {
      "name": "SogeSogeKabutoProjectileHitsLivingEntity"
    },
    "onBulletFlyingTick": {
      "name": "SogeSogeKabutoWhileProjectileFlyingTick"
    }
  }
}