{
  "_fv": 33,
  "_type": "tool",
  "definition": {
    "renderType": 0,
    "texture": "sorusorusword",
    "customModelName": "Normal",
    "name": "Soru Soru Sword",
    "specialInfo": [
      "Steal your enemies' souls!"
    ],
    "creativeTab": {
      "value": "CUSTOM:DevilFruits"
    },
    "toolType": "Sword",
    "harvestLevel": 1,
    "efficiency": 4.0,
    "attackSpeed": 2.0,
    "enchantability": 25,
    "damageVsEntity": 12.0,
    "usageCount": 128,
    "blocksAffected": [],
    "hasGlow": false,
    "repairItems": [
      {
        "value": "CUSTOM:SoruSoruSoul"
      }
    ],
    "immuneToFire": false,
    "stayInGridWhenCrafting": false,
    "damageOnCrafting": false,
    "onEntityHitWith": {
      "name": "SoruSoruSwordLivingEntityIsHitWithTool"
    }
  }
}