{
  "_fv": 33,
  "_type": "armor",
  "definition": {
    "enableHelmet": false,
    "textureHelmet": "",
    "enableBody": true,
    "textureBody": "subesubeshirt",
    "enableLeggings": false,
    "textureLeggings": "",
    "enableBoots": false,
    "textureBoots": "",
    "onBodyTick": {
      "name": "SubeSubeShirtBodyTickEvent"
    },
    "creativeTab": {
      "value": "CUSTOM:DevilFruits"
    },
    "armorTextureFile": "subesubeshirt",
    "helmetName": "Sube Sube Shirt Helmet",
    "bodyName": "Sube Sube Shirt",
    "leggingsName": "Sube Sube Shirt Leggings",
    "bootsName": "Sube Sube Shirt Boots",
    "helmetSpecialInfo": [],
    "bodySpecialInfo": [
      "So slippery you only get hit half of the time!"
    ],
    "leggingsSpecialInfo": [],
    "bootsSpecialInfo": [],
    "helmetModelName": "Default",
    "helmetModelPart": "Helmet",
    "helmetModelTexture": "From armor",
    "bodyModelName": "Default",
    "bodyModelPart": "Body",
    "armsModelPartL": "Arms L",
    "armsModelPartR": "Arms R",
    "bodyModelTexture": "From armor",
    "leggingsModelName": "Default",
    "leggingsModelPartL": "Leggings L",
    "leggingsModelPartR": "Leggings R",
    "leggingsModelTexture": "From armor",
    "bootsModelName": "Default",
    "bootsModelPartL": "Boots L",
    "bootsModelPartR": "Boots R",
    "bootsModelTexture": "From armor",
    "helmetImmuneToFire": false,
    "bodyImmuneToFire": false,
    "leggingsImmuneToFire": false,
    "bootsImmuneToFire": false,
    "maxDamage": 1024,
    "damageValueHelmet": 2,
    "damageValueBody": 8,
    "damageValueLeggings": 5,
    "damageValueBoots": 2,
    "enchantability": 20,
    "toughness": 1.0,
    "knockbackResistance": 0.0,
    "equipSound": {
      "value": ""
    },
    "repairItems": []
  }
}