{
  "_fv": 33,
  "_type": "tool",
  "definition": {
    "renderType": 0,
    "texture": "supasupasword",
    "customModelName": "Normal",
    "name": "Supa Supa Sword",
    "specialInfo": [
      "The sharpest sword in the world!"
    ],
    "creativeTab": {
      "value": "CUSTOM:DevilFruits"
    },
    "toolType": "Sword",
    "harvestLevel": 1,
    "efficiency": 4.0,
    "attackSpeed": 4.0,
    "enchantability": 25,
    "damageVsEntity": 16.0,
    "usageCount": 32,
    "blocksAffected": [],
    "hasGlow": false,
    "repairItems": [],
    "immuneToFire": false,
    "stayInGridWhenCrafting": false,
    "damageOnCrafting": false,
    "onItemInInventoryTick": {
      "name": "SupaSupaSwordToolInInventoryTick"
    }
  }
}