{
  "_fv": 33,
  "_type": "rangeditem",
  "definition": {
    "renderType": 0,
    "texture": "warawarahaybale",
    "customModelName": "Normal",
    "name": "Wara Wara Hay Bale",
    "specialInfo": [
      "Summon little straw buddies to help you attack anyone!"
    ],
    "creativeTab": {
      "value": "CUSTOM:DevilFruits"
    },
    "stackSize": 1,
    "ammoItem": {
      "value": ""
    },
    "shootConstantly": true,
    "usageCount": 10000,
    "actionSound": {
      "value": "block.grass.break"
    },
    "hasGlow": false,
    "animation": "bow",
    "enableMeleeDamage": false,
    "damageVsEntity": 0.0,
    "bulletPower": 1.0,
    "bulletDamage": 0.0,
    "bulletKnockback": 0,
    "bulletParticles": false,
    "bulletIgnitesFire": false,
    "bulletItemTexture": {
      "value": "CUSTOM:WaraWaraHayBale"
    },
    "bulletModel": "Default",
    "customBulletModelTexture": "",
    "onBulletHitsBlock": {
      "name": "WaraWaraHayBaleProjectileHitsBlock"
    },
    "onBulletHitsEntity": {
      "name": "WaraWaraHayBaleProjectileHitsBlock"
    }
  }
}