{
  "_fv": 33,
  "_type": "potioneffect",
  "definition": {
    "effectName": "Abstract",
    "icon": "abstract.png",
    "color": {
      "value": -65409,
      "falpha": 0.0
    },
    "isInstant": false,
    "isBad": true,
    "isBenefitical": false,
    "renderStatusInInventory": true,
    "renderStatusInHUD": true,
    "onStarted": {
      "name": "AbstractEFFECTEffectStartedapplied"
    },
    "onActiveTick": {
      "name": "AbstractEFFECTOnEffectActiveTick"
    },
    "onExpired": {
      "name": "AbstractEFFECTEffectExpires"
    }
  }
}