{
  "_fv": 33,
  "_type": "potioneffect",
  "definition": {
    "effectName": "Feminised",
    "icon": "feminised.png",
    "color": {
      "value": -4247689,
      "falpha": 0.0
    },
    "isInstant": false,
    "isBad": true,
    "isBenefitical": false,
    "renderStatusInInventory": true,
    "renderStatusInHUD": true,
    "onStarted": {
      "name": "FeminisedEffectStartedapplied"
    },
    "onActiveTick": {
      "name": "FeminisedOnEffectActiveTick"
    },
    "onExpired": {
      "name": "FeminisedEffectExpires"
    }
  }
}