{
  "_fv": 33,
  "_type": "potioneffect",
  "definition": {
    "effectName": "Handcuffed",
    "icon": "handcuffed.png",
    "color": {
      "value": -12961191,
      "falpha": 0.0
    },
    "isInstant": false,
    "isBad": true,
    "isBenefitical": false,
    "renderStatusInInventory": true,
    "renderStatusInHUD": true,
    "onStarted": {
      "name": "HandcuffedOnEffectActiveTick"
    },
    "onActiveTick": {
      "name": "HandcuffedOnEffectActiveTic"
    },
    "onExpired": {
      "name": "HandcuffedEffectExpires"
    }
  }
}