{
  "_fv": 33,
  "_type": "rangeditem",
  "definition": {
    "renderType": 0,
    "texture": "miramiramirror",
    "customModelName": "Normal",
    "name": "Mira Mira Mirror",
    "specialInfo": [
      "Teleport anywhere!"
    ],
    "creativeTab": {
      "value": "CUSTOM:DevilFruits"
    },
    "stackSize": 1,
    "ammoItem": {
      "value": ""
    },
    "shootConstantly": false,
    "usageCount": 10000,
    "actionSound": {
      "value": "entity.arrow.shoot"
    },
    "hasGlow": false,
    "animation": "bow",
    "enableMeleeDamage": false,
    "damageVsEntity": 0.0,
    "bulletPower": 1.5,
    "bulletDamage": 0.0,
    "bulletKnockback": 5,
    "bulletParticles": false,
    "bulletIgnitesFire": false,
    "bulletItemTexture": {
      "value": "CUSTOM:MiraMiraMirror"
    },
    "bulletModel": "Default",
    "customBulletModelTexture": "",
    "onBulletHitsBlock": {
      "name": "MiraMiraMirrorProjectileHitsBlock"
    },
    "onBulletHitsEntity": {
      "name": "MiraMiraMirrorProjectileHitsLivingEntity"
    }
  }
}