{
  "_fv": 33,
  "_type": "tool",
  "definition": {
    "renderType": 0,
    "texture": "peroperopickaxe",
    "customModelName": "Normal",
    "name": "Pero Pero Pickaxe",
    "specialInfo": [
      "Generate and break Pero Pero Candy!"
    ],
    "creativeTab": {
      "value": "CUSTOM:DevilFruits"
    },
    "toolType": "Special",
    "harvestLevel": 1,
    "efficiency": 10.0,
    "attackSpeed": 1.0,
    "enchantability": 25,
    "damageVsEntity": 4.0,
    "usageCount": 0,
    "blocksAffected": [
      {
        "value": "CUSTOM:PeroPeroCandy"
      }
    ],
    "hasGlow": false,
    "repairItems": [],
    "immuneToFire": false,
    "stayInGridWhenCrafting": false,
    "damageOnCrafting": false,
    "onRightClickedInAir": {
      "name": "PeroPeroPickaxeRightclicked"
    }
  }
}