{
  "_fv": 33,
  "_type": "rangeditem",
  "definition": {
    "renderType": 0,
    "texture": "utautamic",
    "customModelName": "Normal",
    "name": "Uta Uta Microphone",
    "specialInfo": [
      "Music is the strongest weapon!"
    ],
    "creativeTab": {
      "value": "CUSTOM:DevilFruits"
    },
    "stackSize": 1,
    "ammoItem": {
      "value": ""
    },
    "shootConstantly": false,
    "usageCount": 10000,
    "actionSound": {
      "value": "block.note.guitar"
    },
    "hasGlow": false,
    "animation": "bow",
    "enableMeleeDamage": false,
    "damageVsEntity": 0.0,
    "bulletPower": 1.0,
    "bulletDamage": 0.25,
    "bulletKnockback": 5,
    "bulletParticles": false,
    "bulletIgnitesFire": false,
    "bulletItemTexture": {
      "value": "CUSTOM:UtaUtaNote"
    },
    "bulletModel": "Default",
    "customBulletModelTexture": "",
    "onBulletHitsEntity": {
      "name": "UtaUtaMicrophoneProjectileHitsLivingEntity"
    },
    "onBulletFlyingTick": {
      "name": "UtaUtaMicrophoneWhileProjectileFlyingTick"
    }
  }
}