{
  "_fv": 33,
  "_type": "tool",
  "definition": {
    "renderType": 0,
    "texture": "yukishovel",
    "customModelName": "Normal",
    "name": "Yuki Yuki Shovel",
    "specialInfo": [
      "Allows you to generate and break Yuki Yuki Snow!"
    ],
    "creativeTab": {
      "value": "CUSTOM:DevilFruits"
    },
    "toolType": "Special",
    "harvestLevel": 5,
    "efficiency": 16.0,
    "attackSpeed": 1.0,
    "enchantability": 25,
    "damageVsEntity": 4.0,
    "usageCount": 0,
    "blocksAffected": [
      {
        "value": "CUSTOM:YukiYukiSnow"
      }
    ],
    "hasGlow": false,
    "repairItems": [],
    "immuneToFire": false,
    "stayInGridWhenCrafting": false,
    "damageOnCrafting": false,
    "onRightClickedInAir": {
      "name": "YukiYukiShovelRightclicked"
    },
    "onEntityHitWith": {
      "name": "YukiYukiShovelLivingEntityIsHitWithTool"
    }
  }
}